airmass,ra,dec,ifilter,depth,exposure,expnum,date_obs,pi,prop_id,instrument,obs_type,object,proc_type,prod_type
1.07,344.005275,-14.772,g DECam SDSS c0001 4720.0 1520.0,22.9,60,1241719,2023-09-23T02:34:31.374325+0000,Palmese,2022B-715089,decam,object,S230922g 3013919,raw,image
1.01,333.4609958,-24.799,g DECam SDSS c0001 4720.0 1520.0,22.9,60,1241712,2023-09-23T02:23:33.868187+0000,Palmese,2022B-715089,decam,object,S230922g 3013919,raw,image
1.04,344.4910042,-20.746,g DECam SDSS c0001 4720.0 1520.0,22.9,60,1241721,2023-09-23T02:38:04.898923+0000,Palmese,2022B-715089,decam,object,S230922g 3013919,raw,image
1.04,337.613025,-15.252,g DECam SDSS c0001 4720.0 1520.0,22.9,60,1241720,2023-09-23T02:36:21.156445+0000,Palmese,2022B-715089,decam,object,S230922g 3013919,raw,image
1.17,341.6830042,-22.555,g DECam SDSS c0001 4720.0 1520.0,22.9,60,1241667,2023-09-23T01:09:16.537496+0000,Palmese,2022B-715089,decam,object,S230922g 3013919,raw,image
1.12,335.2810042,-24.68,g DECam SDSS c0001 4720.0 1520.0,22.9,60,1241661,2023-09-23T00:59:38.116915+0000,Palmese,2022B-715089,decam,object,S230922g 3013919,raw,image
1.14,335.4370042,-21.548,g DECam SDSS c0001 4720.0 1520.0,22.9,60,1241660,2023-09-23T00:58:07.352154+0000,Palmese,2022B-715089,decam,object,S230922g 3013919,raw,image
1.2,339.0320083,-21.266,g DECam SDSS c0001 4720.0 1520.0,22.9,60,1241656,2023-09-23T00:50:41.762038+0000,Palmese,2022B-715089,decam,object,S230922g 3013919,raw,image
1.22,339.8680042,-22.734,g DECam SDSS c0001 4720.0 1520.0,22.9,60,1241653,2023-09-23T00:45:50.519535+0000,Palmese,2022B-715089,decam,object,S230922g 3013919,raw,image
1.07,339.843,-29.038,g DECam SDSS c0001 4720.0 1520.0,22.9,60,1241685,2023-09-23T01:39:10.566399+0000,Palmese,2022B-715089,decam,object,S230922g 3013919,raw,image
1.08,343.509,-22.363,g DECam SDSS c0001 4720.0 1520.0,22.9,60,1241697,2023-09-23T01:58:28.401703+0000,Palmese,2022B-715089,decam,object,S230922g 3013919,raw,image
1.16,341.8240042,-19.492,g DECam SDSS c0001 4720.0 1520.0,22.9,60,1241673,2023-09-23T01:19:13.162286+0000,Palmese,2022B-715089,decam,object,S230922g 3013919,raw,image
1.1,339.795,-25.863,g DECam SDSS c0001 4720.0 1520.0,22.9,60,1241678,2023-09-23T01:27:14.739859+0000,Palmese,2022B-715089,decam,object,S230922g 3013919,raw,image
1.16,341.0030083,-18.049,g DECam SDSS c0001 4720.0 1520.0,22.9,60,1241672,2023-09-23T01:17:43.894863+0000,Palmese,2022B-715089,decam,object,S230922g 3013919,raw,image
1.39,337.3555042,-21.77169,i DECam SDSS c0003 7835.0 1470.0,22.9,80,1241913,2023-09-23T23:49:39.261110+0000,Palmese,2022B-715089,decam,object,S230922g,raw,image
1.46,338.1883208,-23.2427,g DECam SDSS c0001 4720.0 1520.0,22.9,60,1241906,2023-09-23T23:37:31.023973+0000,Palmese,2022B-715089,decam,object,S230922g 86,raw,image
1.47,337.3555042,-21.77169,g DECam SDSS c0001 4720.0 1520.0,22.9,60,1241905,2023-09-23T23:36:01.286106+0000,Palmese,2022B-715089,decam,object,S230922g 86,raw,image
1.16,339.9333458,-26.18266,i DECam SDSS c0003 7835.0 1470.0,22.9,80,1241940,2023-09-24T00:54:55.183739+0000,Palmese,2022B-715089,decam,object,S230922g,raw,image
1.13,334.7467667,-20.42659,i DECam SDSS c0003 7835.0 1470.0,22.9,80,1241941,2023-09-24T00:57:00.916579+0000,Palmese,2022B-715089,decam,object,S230922g,raw,image
1.17,342.1666208,-16.84752,i DECam SDSS c0003 7835.0 1470.0,22.9,80,1241952,2023-09-24T01:19:11.656677+0000,Palmese,2022B-715089,decam,object,S230922g,raw,image
1.44,340.9964833,-21.44802,i DECam SDSS c0003 7835.0 1470.0,22.9,80,1241916,2023-09-23T23:55:20.016696+0000,Palmese,2022B-715089,decam,object,S230922g,raw,image
1.36,338.1015583,-26.37142,i DECam SDSS c0003 7835.0 1470.0,22.9,80,1241915,2023-09-23T23:53:20.625970+0000,Palmese,2022B-715089,decam,object,S230922g,raw,image
1.22,334.434225,-26.68437,i DECam SDSS c0003 7835.0 1470.0,22.9,80,1241926,2023-09-24T00:14:35.545276+0000,Palmese,2022B-715089,decam,object,S230922g,raw,image
1.04,334.4043167,-29.86129,i DECam SDSS c0003 7835.0 1470.0,22.9,80,1241963,2023-09-24T01:41:03.465140+0000,Palmese,2022B-715089,decam,object,S230922g,raw,image
1.08,339.148575,-31.05309,i DECam SDSS c0003 7835.0 1470.0,22.9,80,1241956,2023-09-24T01:27:20.920686+0000,Palmese,2022B-715089,decam,object,S230922g,raw,image
1.07,332.9565458,-20.53907,i DECam SDSS c0003 7835.0 1470.0,22.9,80,1241955,2023-09-24T01:25:05.597581+0000,Palmese,2022B-715089,decam,object,S230922g,raw,image
1.04,344.6926208,-21.0844,i DECam SDSS c0003 7835.0 1470.0,22.9,80,1241989,2023-09-24T02:33:57.625364+0000,Palmese,2022B-715089,decam,object,S230922g,raw,image
1.05,337.7384542,-15.64704,i DECam SDSS c0003 7835.0 1470.0,22.9,80,1241983,2023-09-24T02:21:42.473047+0000,Palmese,2022B-715089,decam,object,S230922g,raw,image
1.01,337.3555042,-21.77169,g DECam SDSS c0001 4720.0 1520.0,22.9,60,1241996,2023-09-24T02:49:27.170347+0000,Palmese,2022B-715089,decam,object,S230922g 86,raw,image
1.01,339.1704583,-21.61609,g DECam SDSS c0001 4720.0 1520.0,22.9,60,1242000,2023-09-24T02:55:23.931887+0000,Palmese,2022B-715089,decam,object,S230922g 86,raw,image
1.02,337.5408292,-18.69634,g DECam SDSS c0001 4720.0 1520.0,22.9,60,1242005,2023-09-24T03:03:09.072104+0000,Palmese,2022B-715089,decam,object,S230922g 86,raw,image
1.04,342.1666208,-16.84752,g DECam SDSS c0001 4720.0 1520.0,22.9,60,1242037,2023-09-24T03:56:28.754285+0000,Palmese,2022B-715089,decam,object,S230922g 86,raw,image
1.02,336.543075,-20.29865,g DECam SDSS c0001 4720.0 1520.0,22.9,60,1242016,2023-09-24T03:21:18.491159+0000,Palmese,2022B-715089,decam,object,S230922g 86,raw,image
1.01,339.0201917,-27.85963,g DECam SDSS c0001 4720.0 1520.0,22.9,60,1242028,2023-09-24T03:41:23.972236+0000,Palmese,2022B-715089,decam,object,S230922g 86,raw,image
1,339.0456,-24.71269,g DECam SDSS c0001 4720.0 1520.0,22.9,60,1242009,2023-09-24T03:09:36.839724+0000,Palmese,2022B-715089,decam,object,S230922g 86,raw,image
1.14,338.3330083,-32.75529,g DECam SDSS c0001 4720.0 1520.0,22.9,60,1242083,2023-09-24T05:22:21.214422+0000,Palmese,2022B-715089,decam,object,S230922g 86,raw,image
1.14,342.8642708,-30.60458,g DECam SDSS c0001 4720.0 1520.0,22.9,60,1242092,2023-09-24T05:36:34.941366+0000,Palmese,2022B-715089,decam,object,S230922g 86,raw,image
1.2,337.2320083,-21.415,i DECam SDSS c0003 7835.0 1470.0,22.9,60,1241651,2023-09-23T00:42:10.318259+0000,Palmese,2022B-715089,decam,object,S230922g 3013919,raw,image
1.16,336.2540083,-23.044,g DECam SDSS c0001 4720.0 1520.0,22.9,60,1241657,2023-09-23T00:52:11.495441+0000,Palmese,2022B-715089,decam,object,S230922g 3013919,raw,image
1.11,334.449,-23.172,g DECam SDSS c0001 4720.0 1520.0,22.9,60,1241665,2023-09-23T01:05:54.379306+0000,Palmese,2022B-715089,decam,object,S230922g 3013919,raw,image
1.06,337.7942708,-13.672,g DECam SDSS c0001 4720.0 1520.0,22.9,60,1241714,2023-09-23T02:26:50.120927+0000,Palmese,2022B-715089,decam,object,S230922g 3013919,raw,image
1.09,336.6270167,-16.843,g DECam SDSS c0001 4720.0 1520.0,22.9,60,1241687,2023-09-23T01:42:31.520621+0000,Palmese,2022B-715089,decam,object,S230922g 3013919,raw,image
1.06,339.571275,-13.568,g DECam SDSS c0001 4720.0 1520.0,22.9,60,1241715,2023-09-23T02:28:18.484371+0000,Palmese,2022B-715089,decam,object,S230922g 3013919,raw,image
1.25,334.5594,-23.53886,i DECam SDSS c0003 7835.0 1470.0,22.9,80,1241923,2023-09-24T00:08:41.064084+0000,Palmese,2022B-715089,decam,object,S230922g,raw,image
1.32,339.0456,-24.71269,i DECam SDSS c0003 7835.0 1470.0,22.9,80,1241922,2023-09-24T00:06:46.622317+0000,Palmese,2022B-715089,decam,object,S230922g,raw,image
1.2,336.543075,-20.29865,i DECam SDSS c0003 7835.0 1470.0,22.9,80,1241931,2023-09-24T00:37:12.883329+0000,Palmese,2022B-715089,decam,object,S230922g,raw,image
1.27,342.8355458,-21.26945,i DECam SDSS c0003 7835.0 1470.0,22.9,80,1241933,2023-09-24T00:41:27.780345+0000,Palmese,2022B-715089,decam,object,S230922g,raw,image
1.05,336.3182417,-30.894,i DECam SDSS c0003 7835.0 1470.0,22.9,80,1241961,2023-09-24T01:37:21.262250+0000,Palmese,2022B-715089,decam,object,S230922g,raw,image
1.1,342.6970958,-27.42709,i DECam SDSS c0003 7835.0 1470.0,22.9,80,1241958,2023-09-24T01:30:59.916962+0000,Palmese,2022B-715089,decam,object,S230922g,raw,image
1.17,342.9985333,-18.2689,i DECam SDSS c0003 7835.0 1470.0,22.9,80,1241951,2023-09-24T01:17:21.891464+0000,Palmese,2022B-715089,decam,object,S230922g,raw,image
1.03,333.482325,-31.51945,i DECam SDSS c0003 7835.0 1470.0,22.9,80,1241965,2023-09-24T01:44:42.109378+0000,Palmese,2022B-715089,decam,object,S230922g,raw,image
1.01,337.2204458,-24.88522,g DECam SDSS c0001 4720.0 1520.0,22.9,60,1241998,2023-09-24T02:52:24.202964+0000,Palmese,2022B-715089,decam,object,S230922g 86,raw,image
1.01,338.1883208,-23.2427,g DECam SDSS c0001 4720.0 1520.0,22.9,60,1241997,2023-09-24T02:50:56.104410+0000,Palmese,2022B-715089,decam,object,S230922g 86,raw,image
1.04,335.9577,-15.75236,i DECam SDSS c0003 7835.0 1470.0,22.9,80,1241991,2023-09-24T02:37:47.660315+0000,Palmese,2022B-715089,decam,object,S230922g,raw,image
1.01,336.2752792,-29.71671,g DECam SDSS c0001 4720.0 1520.0,22.9,60,1242029,2023-09-24T03:42:57.040425+0000,Palmese,2022B-715089,decam,object,S230922g 86,raw,image
1,341.7681458,-25.97339,g DECam SDSS c0001 4720.0 1520.0,22.9,60,1242023,2023-09-24T03:33:09.711513+0000,Palmese,2022B-715089,decam,object,S230922g 86,raw,image
1.02,341.8325708,-29.1286,g DECam SDSS c0001 4720.0 1520.0,22.9,60,1242043,2023-09-24T04:06:22.391423+0000,Palmese,2022B-715089,decam,object,S230922g 86,raw,image
1.15,344.8504792,-18.11578,g DECam SDSS c0001 4720.0 1520.0,22.9,60,1242090,2023-09-24T05:33:03.296587+0000,Palmese,2022B-715089,decam,object,S230922g 86,raw,image
1.17,344.0050208,-16.71162,g DECam SDSS c0001 4720.0 1520.0,22.9,60,1242091,2023-09-24T05:34:33.170220+0000,Palmese,2022B-715089,decam,object,S230922g 86,raw,image
1.12,344.5682417,-24.0981,g DECam SDSS c0001 4720.0 1520.0,22.9,60,1242087,2023-09-24T05:28:31.804116+0000,Palmese,2022B-715089,decam,object,S230922g 86,raw,image
1.06,344.6440208,-17.745,g DECam SDSS c0001 4720.0 1520.0,22.9,60,1241716,2023-09-23T02:29:56.122572+0000,Palmese,2022B-715089,decam,object,S230922g 3013919,raw,image
1.06,344.3810083,-23.793,g DECam SDSS c0001 4720.0 1520.0,22.9,60,1241704,2023-09-23T02:09:55.227950+0000,Palmese,2022B-715089,decam,object,S230922g 3013919,raw,image
1.12,341.9930083,-16.465,g DECam SDSS c0001 4720.0 1520.0,22.9,60,1241689,2023-09-23T01:45:39.666370+0000,Palmese,2022B-715089,decam,object,S230922g 3013919,raw,image
1.02,335.2239917,-31.029,g DECam SDSS c0001 4720.0 1520.0,22.9,60,1241701,2023-09-23T02:04:56.278109+0000,Palmese,2022B-715089,decam,object,S230922g 3013919,raw,image
1.03,333.8640167,-18.551,g DECam SDSS c0001 4720.0 1520.0,22.9,60,1241709,2023-09-23T02:18:00.132041+0000,Palmese,2022B-715089,decam,object,S230922g 3013919,raw,image
1.02,343.69215,-22.68581,g DECam SDSS c0001 4720.0 1520.0,22.9,60,1242045,2023-09-24T04:09:28.908837+0000,Palmese,2022B-715089,decam,object,S230922g 86,raw,image
1.07,333.5744417,-25.17077,g DECam SDSS c0001 4720.0 1520.0,22.9,60,1242052,2023-09-24T04:20:21.838188+0000,Palmese,2022B-715089,decam,object,S230922g 86,raw,image
1.06,331.7466,-25.28178,g DECam SDSS c0001 4720.0 1520.0,22.9,60,1242041,2023-09-24T04:03:06.991899+0000,Palmese,2022B-715089,decam,object,S230922g 86,raw,image
1.03,335.747025,-18.82157,g DECam SDSS c0001 4720.0 1520.0,22.9,60,1242021,2023-09-24T03:29:51.187911+0000,Palmese,2022B-715089,decam,object,S230922g 86,raw,image
1.1,340.716,-27.348,g DECam SDSS c0001 4720.0 1520.0,22.9,60,1241680,2023-09-23T01:30:40.329558+0000,Palmese,2022B-715089,decam,object,S230922g 3013919,raw,image
1.09,335.1999917,-27.842,g DECam SDSS c0001 4720.0 1520.0,22.9,60,1241670,2023-09-23T01:14:30.595893+0000,Palmese,2022B-715089,decam,object,S230922g 3013919,raw,image
1.12,336.4260167,-19.931,g DECam SDSS c0001 4720.0 1520.0,22.9,60,1241669,2023-09-23T01:12:44.412415+0000,Palmese,2022B-715089,decam,object,S230922g 3013919,raw,image
1.15,338.9110042,-24.38,g DECam SDSS c0001 4720.0 1520.0,22.9,60,1241662,2023-09-23T01:01:09.295246+0000,Palmese,2022B-715089,decam,object,S230922g 3013919,raw,image
1.21,337.2320083,-21.415,g DECam SDSS c0001 4720.0 1520.0,22.9,60,1241648,2023-09-23T00:37:41.582240+0000,Palmese,2022B-715089,decam,object,S230922g 3013919,raw,image
1.19,337.4160167,-18.322,g DECam SDSS c0001 4720.0 1520.0,22.9,60,1241658,2023-09-23T00:53:46.049771+0000,Palmese,2022B-715089,decam,object,S230922g 3013919,raw,image
1.02,341.1645917,-18.41852,g DECam SDSS c0001 4720.0 1520.0,22.9,60,1242019,2023-09-24T03:26:43.436014+0000,Palmese,2022B-715089,decam,object,S230922g 86,raw,image
1.01,341.8445083,-22.8836,g DECam SDSS c0001 4720.0 1520.0,22.9,60,1242014,2023-09-24T03:17:37.118767+0000,Palmese,2022B-715089,decam,object,S230922g 86,raw,image
1.02,341.9943583,-19.84703,g DECam SDSS c0001 4720.0 1520.0,22.9,60,1242020,2023-09-24T03:28:12.161113+0000,Palmese,2022B-715089,decam,object,S230922g 86,raw,image
1.01,334.48425,-24.68,g DECam SDSS c0001 4720.0 1520.0,22.9,60,1242008,2023-09-24T03:08:02.262535+0000,Palmese,2022B-715089,decam,object,S230922g 86,raw,image
1,333.47625,-28.33239,i DECam SDSS c0003 7835.0 1470.0,22.9,80,1241993,2023-09-24T02:42:20.081422+0000,Palmese,2022B-715089,decam,object,S230922g,raw,image
1.08,337.9929917,-29.215,g DECam SDSS c0001 4720.0 1520.0,22.9,60,1241677,2023-09-23T01:25:42.629285+0000,Palmese,2022B-715089,decam,object,S230922g 3013919,raw,image
1.22,340.728,-24.201,g DECam SDSS c0001 4720.0 1520.0,22.9,60,1241652,2023-09-23T00:44:20.595842+0000,Palmese,2022B-715089,decam,object,S230922g 3013919,raw,image
1.06,333.6440083,-21.664,g DECam SDSS c0001 4720.0 1520.0,22.9,60,1241682,2023-09-23T01:34:01.920455+0000,Palmese,2022B-715089,decam,object,S230922g 3013919,raw,image
1.12,340.1920208,-16.598,g DECam SDSS c0001 4720.0 1520.0,22.9,60,1241683,2023-09-23T01:35:43.737991+0000,Palmese,2022B-715089,decam,object,S230922g 3013919,raw,image
1.01,333.3189917,-31.135,g DECam SDSS c0001 4720.0 1520.0,22.9,60,1241702,2023-09-23T02:06:25.205964+0000,Palmese,2022B-715089,decam,object,S230922g 3013919,raw,image
1.06,341.685,-28.835,g DECam SDSS c0001 4720.0 1520.0,22.9,60,1241695,2023-09-23T01:55:24.081525+0000,Palmese,2022B-715089,decam,object,S230922g 3013919,raw,image
1.03,331.635,-24.895,g DECam SDSS c0001 4720.0 1520.0,22.9,60,1241693,2023-09-23T01:52:11.705142+0000,Palmese,2022B-715089,decam,object,S230922g 3013919,raw,image
1.05,332.8610083,-20.156,g DECam SDSS c0001 4720.0 1520.0,22.9,60,1241690,2023-09-23T01:47:31.862413+0000,Palmese,2022B-715089,decam,object,S230922g 3013919,raw,image
1.14,339.0201917,-27.85963,i DECam SDSS c0003 7835.0 1470.0,22.9,80,1241943,2023-09-24T01:00:52.684752+0000,Palmese,2022B-715089,decam,object,S230922g,raw,image
1.31,335.5486042,-21.91381,i DECam SDSS c0003 7835.0 1470.0,22.9,80,1241918,2023-09-23T23:59:12.501053+0000,Palmese,2022B-715089,decam,object,S230922g,raw,image
1.44,339.1704583,-21.61609,i DECam SDSS c0003 7835.0 1470.0,22.9,80,1241912,2023-09-23T23:47:50.107302+0000,Palmese,2022B-715089,decam,object,S230922g,raw,image
1.27,334.48425,-24.68,i DECam SDSS c0003 7835.0 1470.0,22.9,80,1241919,2023-09-24T00:01:01.843731+0000,Palmese,2022B-715089,decam,object,S230922g,raw,image
1.42,337.2204458,-24.88522,g DECam SDSS c0001 4720.0 1520.0,22.9,60,1241907,2023-09-23T23:39:00.461808+0000,Palmese,2022B-715089,decam,object,S230922g 86,raw,image
1.19,340.3442417,-16.98093,i DECam SDSS c0003 7835.0 1470.0,22.9,80,1241945,2023-09-24T01:05:04.870869+0000,Palmese,2022B-715089,decam,object,S230922g,raw,image
1.13,336.7445708,-17.22838,i DECam SDSS c0003 7835.0 1470.0,22.9,80,1241949,2023-09-24T01:13:16.751659+0000,Palmese,2022B-715089,decam,object,S230922g,raw,image
1.06,334.9623292,-17.33943,i DECam SDSS c0003 7835.0 1470.0,22.9,80,1241970,2023-09-24T01:55:02.075367+0000,Palmese,2022B-715089,decam,object,S230922g,raw,image
1.07,344.5682417,-24.0981,i DECam SDSS c0003 7835.0 1470.0,22.9,80,1241974,2023-09-24T02:03:22.769038+0000,Palmese,2022B-715089,decam,object,S230922g,raw,image
1.04,333.9622958,-18.93534,i DECam SDSS c0003 7835.0 1470.0,22.9,80,1241971,2023-09-24T01:56:51.077258+0000,Palmese,2022B-715089,decam,object,S230922g,raw,image
1,338.1015583,-26.37142,g DECam SDSS c0001 4720.0 1520.0,22.9,60,1242003,2023-09-24T02:59:57.702582+0000,Palmese,2022B-715089,decam,object,S230922g 86,raw,image
1.02,340.1638792,-20.00737,g DECam SDSS c0001 4720.0 1520.0,22.9,60,1242011,2023-09-24T03:12:40.556751+0000,Palmese,2022B-715089,decam,object,S230922g 86,raw,image
1.04,345.705375,-19.51086,i DECam SDSS c0003 7835.0 1470.0,22.9,80,1241992,2023-09-24T02:40:02.926965+0000,Palmese,2022B-715089,decam,object,S230922g,raw,image
1.02,340.2266708,-32.55866,i DECam SDSS c0003 7835.0 1470.0,22.9,80,1241985,2023-09-24T02:25:59.033885+0000,Palmese,2022B-715089,decam,object,S230922g,raw,image
1.05,339.5322583,-15.53527,i DECam SDSS c0003 7835.0 1470.0,22.9,80,1241990,2023-09-24T02:35:56.640529+0000,Palmese,2022B-715089,decam,object,S230922g,raw,image
1.01,339.9333458,-26.18266,g DECam SDSS c0001 4720.0 1520.0,22.9,60,1242025,2023-09-24T03:36:31.024431+0000,Palmese,2022B-715089,decam,object,S230922g 86,raw,image
1.03,334.7467667,-20.42659,g DECam SDSS c0001 4720.0 1520.0,22.9,60,1242026,2023-09-24T03:38:11.858704+0000,Palmese,2022B-715089,decam,object,S230922g 86,raw,image
1.02,342.6970958,-27.42709,g DECam SDSS c0001 4720.0 1520.0,22.9,60,1242044,2023-09-24T04:07:52.829010+0000,Palmese,2022B-715089,decam,object,S230922g 86,raw,image
1.04,338.5378792,-17.10789,g DECam SDSS c0001 4720.0 1520.0,22.9,60,1242032,2023-09-24T03:47:56.820525+0000,Palmese,2022B-715089,decam,object,S230922g 86,raw,image
1.01,342.7150042,-24.31613,g DECam SDSS c0001 4720.0 1520.0,22.9,60,1242034,2023-09-24T03:51:34.460409+0000,Palmese,2022B-715089,decam,object,S230922g 86,raw,image
1.03,342.9985333,-18.2689,g DECam SDSS c0001 4720.0 1520.0,22.9,60,1242036,2023-09-24T03:54:58.710860+0000,Palmese,2022B-715089,decam,object,S230922g 86,raw,image
1.11,339.571275,-13.568,g DECam SDSS c0001 4720.0 1520.0,22.9,60,1242061,2023-09-24T04:34:35.017951+0000,Palmese,2022B-715089,decam,object,S230922g 86,raw,image
1.14,337.7942708,-13.672,g DECam SDSS c0001 4720.0 1520.0,22.9,60,1242068,2023-09-24T04:46:07.161676+0000,Palmese,2022B-715089,decam,object,S230922g 86,raw,image
1.13,335.9577,-15.75236,g DECam SDSS c0001 4720.0 1520.0,22.9,60,1242064,2023-09-24T04:39:04.301696+0000,Palmese,2022B-715089,decam,object,S230922g 86,raw,image
1.14,331.6121833,-28.43921,g DECam SDSS c0001 4720.0 1520.0,22.9,60,1242070,2023-09-24T04:50:10.428792+0000,Palmese,2022B-715089,decam,object,S230922g 86,raw,image
1.11,343.6736833,-28.88279,g DECam SDSS c0001 4720.0 1520.0,22.9,60,1242086,2023-09-24T05:26:55.925856+0000,Palmese,2022B-715089,decam,object,S230922g 86,raw,image
1.16,338.5378792,-17.10789,i DECam SDSS c0003 7835.0 1470.0,22.9,80,1241946,2023-09-24T01:06:53.291356+0000,Palmese,2022B-715089,decam,object,S230922g,raw,image
1.19,341.7681458,-25.97339,i DECam SDSS c0003 7835.0 1470.0,22.9,80,1241939,2023-09-24T00:53:05.470180+0000,Palmese,2022B-715089,decam,object,S230922g,raw,image
1.09,333.7467917,-22.03947,i DECam SDSS c0003 7835.0 1470.0,22.9,80,1241947,2023-09-24T01:08:50.993101+0000,Palmese,2022B-715089,decam,object,S230922g,raw,image
1.16,340.8586333,-27.65362,i DECam SDSS c0003 7835.0 1470.0,22.9,80,1241942,2023-09-24T00:59:03.661434+0000,Palmese,2022B-715089,decam,object,S230922g,raw,image
1.03,332.522475,-29.97829,i DECam SDSS c0003 7835.0 1470.0,22.9,80,1241962,2023-09-24T01:39:13.079220+0000,Palmese,2022B-715089,decam,object,S230922g,raw,image
1.21,339.3456917,-18.56166,i DECam SDSS c0003 7835.0 1470.0,22.9,80,1241937,2023-09-24T00:48:57.646953+0000,Palmese,2022B-715089,decam,object,S230922g,raw,image
1.15,338.1353417,-29.54656,i DECam SDSS c0003 7835.0 1470.0,22.9,80,1241938,2023-09-24T00:51:13.293487+0000,Palmese,2022B-715089,decam,object,S230922g,raw,image
1.08,344.005275,-14.772,i DECam SDSS c0003 7835.0 1470.0,22.9,80,1241982,2023-09-24T02:19:39.514953+0000,Palmese,2022B-715089,decam,object,S230922g,raw,image
1.03,336.4243792,-32.92231,i DECam SDSS c0003 7835.0 1470.0,22.9,80,1241973,2023-09-24T02:01:06.906478+0000,Palmese,2022B-715089,decam,object,S230922g,raw,image
1.13,334.9623292,-17.33943,g DECam SDSS c0001 4720.0 1520.0,22.9,60,1242065,2023-09-24T04:40:34.984043+0000,Palmese,2022B-715089,decam,object,S230922g 86,raw,image
1.08,340.1638792,-20.00737,i DECam SDSS c0003 7835.0 1470.0,22.9,80,1242067,2023-09-24T04:44:05.902477+0000,Palmese,2022B-715089,decam,object,S230922g,raw,image
1.1,339.5322583,-15.53527,g DECam SDSS c0001 4720.0 1520.0,22.9,60,1242062,2023-09-24T04:36:04.419361+0000,Palmese,2022B-715089,decam,object,S230922g 86,raw,image
1.15,331.9471042,-22.14764,g DECam SDSS c0001 4720.0 1520.0,22.9,60,1242069,2023-09-24T04:48:29.837591+0000,Palmese,2022B-715089,decam,object,S230922g 86,raw,image
1.04,345.705375,-19.51086,g DECam SDSS c0001 4720.0 1520.0,22.9,60,1242057,2023-09-24T04:28:29.385481+0000,Palmese,2022B-715089,decam,object,S230922g 86,raw,image
1.44,338.1883208,-23.2427,i DECam SDSS c0003 7835.0 1470.0,22.9,80,1241909,2023-09-23T23:42:21.292531+0000,Palmese,2022B-715089,decam,object,S230922g,raw,image
1.35,338.3484583,-20.15925,i DECam SDSS c0003 7835.0 1470.0,22.9,80,1241921,2023-09-24T00:04:51.385096+0000,Palmese,2022B-715089,decam,object,S230922g,raw,image
1.16,250.1435833,-20.40861,r DECam SDSS c0002 6415.0 1480.0,22.9,5,1241902,2023-09-23T23:23:07.106680+0000,Palmese,2022B-715089,decam,object,pointing,raw,image
1.02,338.3484583,-20.15925,g DECam SDSS c0001 4720.0 1520.0,22.9,60,1242010,2023-09-24T03:11:11.174611+0000,Palmese,2022B-715089,decam,object,S230922g 86,raw,image
1.02,339.3456917,-18.56166,g DECam SDSS c0001 4720.0 1520.0,22.9,60,1242022,2023-09-24T03:31:22.873380+0000,Palmese,2022B-715089,decam,object,S230922g 86,raw,image
1.01,339.4662167,-34.27018,i DECam SDSS c0003 7835.0 1470.0,22.9,80,1241995,2023-09-24T02:46:30.810832+0000,Palmese,2022B-715089,decam,object,S230922g,raw,image
1.01,340.9964833,-21.44802,g DECam SDSS c0001 4720.0 1520.0,22.9,60,1242004,2023-09-24T03:01:33.808993+0000,Palmese,2022B-715089,decam,object,S230922g 86,raw,image
1.01,334.5594,-23.53886,g DECam SDSS c0001 4720.0 1520.0,22.9,60,1242012,2023-09-24T03:14:19.004429+0000,Palmese,2022B-715089,decam,object,S230922g 86,raw,image
1.12,340.2266708,-32.55866,g DECam SDSS c0001 4720.0 1520.0,22.9,60,1242082,2023-09-24T05:20:50.276349+0000,Palmese,2022B-715089,decam,object,S230922g 86,raw,image
1.13,341.0114417,-30.84212,g DECam SDSS c0001 4720.0 1520.0,22.9,60,1242085,2023-09-24T05:25:25.717050+0000,Palmese,2022B-715089,decam,object,S230922g 86,raw,image
1.39,337.2204458,-24.88522,i DECam SDSS c0003 7835.0 1470.0,22.9,80,1241910,2023-09-23T23:44:10.276387+0000,Palmese,2022B-715089,decam,object,S230922g,raw,image
1.3,336.2688458,-26.53866,i DECam SDSS c0003 7835.0 1470.0,22.9,80,1241917,2023-09-23T23:57:17.694763+0000,Palmese,2022B-715089,decam,object,S230922g,raw,image
1.26,337.0459958,-27.701,i DECam SDSS c0003 7835.0 1470.0,22.9,80,1241924,2023-09-24T00:10:34.659054+0000,Palmese,2022B-715089,decam,object,S230922g,raw,image
1.02,333.5744417,-25.17077,i DECam SDSS c0003 7835.0 1470.0,22.9,80,1241975,2023-09-24T02:05:43.357302+0000,Palmese,2022B-715089,decam,object,S230922g,raw,image
1.04,335.3839792,-31.39226,i DECam SDSS c0003 7835.0 1470.0,22.9,80,1241964,2023-09-24T01:42:52.574829+0000,Palmese,2022B-715089,decam,object,S230922g,raw,image
1.12,343.69215,-22.68581,i DECam SDSS c0003 7835.0 1470.0,22.9,80,1241959,2023-09-24T01:32:53.913725+0000,Palmese,2022B-715089,decam,object,S230922g,raw,image
1.11,342.1852667,-14.898,i DECam SDSS c0003 7835.0 1470.0,22.9,80,1241969,2023-09-24T01:52:58.983476+0000,Palmese,2022B-715089,decam,object,S230922g,raw,image
1.05,335.3839792,-31.39226,g DECam SDSS c0001 4720.0 1520.0,22.9,60,1242049,2023-09-24T04:15:50.492309+0000,Palmese,2022B-715089,decam,object,S230922g 86,raw,image
1.05,332.5927042,-26.80556,g DECam SDSS c0001 4720.0 1520.0,22.9,60,1242039,2023-09-24T04:00:05.030752+0000,Palmese,2022B-715089,decam,object,S230922g 86,raw,image
1.04,340.3442417,-16.98093,g DECam SDSS c0001 4720.0 1520.0,22.9,60,1242031,2023-09-24T03:46:26.662671+0000,Palmese,2022B-715089,decam,object,S230922g 86,raw,image
1.01,338.1353417,-29.54656,g DECam SDSS c0001 4720.0 1520.0,22.9,60,1242024,2023-09-24T03:35:00.112296+0000,Palmese,2022B-715089,decam,object,S230922g 86,raw,image
1.01,339.9874333,-29.34986,g DECam SDSS c0001 4720.0 1520.0,22.9,60,1242033,2023-09-24T03:49:55.414429+0000,Palmese,2022B-715089,decam,object,S230922g 86,raw,image
1.02,339.148575,-31.05309,g DECam SDSS c0001 4720.0 1520.0,22.9,60,1242042,2023-09-24T04:04:52.831220+0000,Palmese,2022B-715089,decam,object,S230922g 86,raw,image
1.19,337.0970083,-24.54,g DECam SDSS c0001 4720.0 1520.0,22.9,60,1241650,2023-09-23T00:40:39.571200+0000,Palmese,2022B-715089,decam,object,S230922g 3013919,raw,image
1.07,345.3490042,-22.16,g DECam SDSS c0001 4720.0 1520.0,22.9,60,1241706,2023-09-23T02:12:59.486830+0000,Palmese,2022B-715089,decam,object,S230922g 3013919,raw,image
1.07,342.5449958,-27.136,g DECam SDSS c0001 4720.0 1520.0,22.9,60,1241696,2023-09-23T01:56:52.619549+0000,Palmese,2022B-715089,decam,object,S230922g 3013919,raw,image
1.03,338.1579917,-32.42,g DECam SDSS c0001 4720.0 1520.0,22.9,60,1241703,2023-09-23T02:08:00.326499+0000,Palmese,2022B-715089,decam,object,S230922g 3013919,raw,image
1.08,344.8504792,-18.11578,i DECam SDSS c0003 7835.0 1470.0,22.9,80,1241978,2023-09-24T02:11:46.237239+0000,Palmese,2022B-715089,decam,object,S230922g,raw,image
1.1,345.5588083,-22.48152,i DECam SDSS c0003 7835.0 1470.0,22.9,80,1241968,2023-09-24T01:50:53.176854+0000,Palmese,2022B-715089,decam,object,S230922g,raw,image
1.05,338.3330083,-32.75529,i DECam SDSS c0003 7835.0 1470.0,22.9,80,1241966,2023-09-24T01:46:36.662566+0000,Palmese,2022B-715089,decam,object,S230922g,raw,image
1,337.0459958,-27.701,g DECam SDSS c0001 4720.0 1520.0,22.9,60,1242013,2023-09-24T03:15:52.187364+0000,Palmese,2022B-715089,decam,object,S230922g 86,raw,image
1.01,335.5486042,-21.91381,g DECam SDSS c0001 4720.0 1520.0,22.9,60,1242007,2023-09-24T03:06:32.010777+0000,Palmese,2022B-715089,decam,object,S230922g 86,raw,image
1.01,336.3718208,-23.40002,g DECam SDSS c0001 4720.0 1520.0,22.9,60,1242001,2023-09-24T02:56:52.512040+0000,Palmese,2022B-715089,decam,object,S230922g 86,raw,image
1.15,343.8398542,-19.68019,g DECam SDSS c0001 4720.0 1520.0,22.9,60,1242089,2023-09-24T05:31:32.554486+0000,Palmese,2022B-715089,decam,object,S230922g 86,raw,image
1.09,334.3120042,-26.319,g DECam SDSS c0001 4720.0 1520.0,22.9,60,1241668,2023-09-23T01:11:02.711872+0000,Palmese,2022B-715089,decam,object,S230922g 3013919,raw,image
1.23,340.8400042,-21.104,g DECam SDSS c0001 4720.0 1520.0,22.9,60,1241654,2023-09-23T00:47:18.554613+0000,Palmese,2022B-715089,decam,object,S230922g 3013919,raw,image
1.12,341.6179958,-25.668,g DECam SDSS c0001 4720.0 1520.0,22.9,60,1241676,2023-09-23T01:24:11.446500+0000,Palmese,2022B-715089,decam,object,S230922g 3013919,raw,image
1.06,336.1319833,-29.367,g DECam SDSS c0001 4720.0 1520.0,22.9,60,1241681,2023-09-23T01:32:15.240066+0000,Palmese,2022B-715089,decam,object,S230922g 3013919,raw,image
1.02,332.3749958,-29.589,g DECam SDSS c0001 4720.0 1520.0,22.9,60,1241699,2023-09-23T02:01:57.840285+0000,Palmese,2022B-715089,decam,object,S230922g 3013919,raw,image
1.02,334.2599833,-29.492,g DECam SDSS c0001 4720.0 1520.0,22.9,60,1241700,2023-09-23T02:03:26.790440+0000,Palmese,2022B-715089,decam,object,S230922g 3013919,raw,image
1.01,336.2449792,-32.566,g DECam SDSS c0001 4720.0 1520.0,22.9,60,1241711,2023-09-23T02:21:38.988830+0000,Palmese,2022B-715089,decam,object,S230922g 3013919,raw,image
1,331.4779958,-28.046,g DECam SDSS c0001 4720.0 1520.0,22.9,60,1241710,2023-09-23T02:19:55.429452+0000,Palmese,2022B-715089,decam,object,S230922g 3013919,raw,image
1.06,343.8100208,-16.326,g DECam SDSS c0001 4720.0 1520.0,22.9,60,1241718,2023-09-23T02:33:03.414144+0000,Palmese,2022B-715089,decam,object,S230922g 3013919,raw,image
1.17,335.747025,-18.82157,i DECam SDSS c0003 7835.0 1470.0,22.9,80,1241936,2023-09-24T00:47:05.139680+0000,Palmese,2022B-715089,decam,object,S230922g,raw,image
1.05,332.5927042,-26.80556,i DECam SDSS c0003 7835.0 1470.0,22.9,80,1241953,2023-09-24T01:21:25.693895+0000,Palmese,2022B-715089,decam,object,S230922g,raw,image
1.02,343.6736833,-28.88279,i DECam SDSS c0003 7835.0 1470.0,22.9,80,1241988,2023-09-24T02:31:48.689557+0000,Palmese,2022B-715089,decam,object,S230922g,raw,image
1.06,333.482325,-31.51945,g DECam SDSS c0001 4720.0 1520.0,22.9,60,1242050,2023-09-24T04:17:19.555095+0000,Palmese,2022B-715089,decam,object,S230922g 86,raw,image
1.06,333.47625,-28.33239,g DECam SDSS c0001 4720.0 1520.0,22.9,60,1242051,2023-09-24T04:18:50.154844+0000,Palmese,2022B-715089,decam,object,S230922g 86,raw,image
1.14,339.2040167,-18.19,g DECam SDSS c0001 4720.0 1520.0,22.9,60,1241675,2023-09-23T01:22:25.222634+0000,Palmese,2022B-715089,decam,object,S230922g 3013919,raw,image
1.11,335.6370167,-18.443,g DECam SDSS c0001 4720.0 1520.0,22.9,60,1241674,2023-09-23T01:20:53.620239+0000,Palmese,2022B-715089,decam,object,S230922g 3013919,raw,image
1.16,338.2160083,-19.796,g DECam SDSS c0001 4720.0 1520.0,22.9,60,1241663,2023-09-23T01:02:44.067705+0000,Palmese,2022B-715089,decam,object,S230922g 3013919,raw,image
1.1,341.8325708,-29.1286,i DECam SDSS c0003 7835.0 1470.0,22.9,80,1241957,2023-09-24T01:29:10.421545+0000,Palmese,2022B-715089,decam,object,S230922g,raw,image
1.15,335.3314792,-28.19901,i DECam SDSS c0003 7835.0 1470.0,22.9,80,1241932,2023-09-24T00:39:21.088736+0000,Palmese,2022B-715089,decam,object,S230922g,raw,image
1.11,336.2752792,-29.71671,i DECam SDSS c0003 7835.0 1470.0,22.9,80,1241944,2023-09-24T01:02:42.889259+0000,Palmese,2022B-715089,decam,object,S230922g,raw,image
1.43,340.874775,-24.52166,i DECam SDSS c0003 7835.0 1470.0,22.9,80,1241914,2023-09-23T23:51:30.497361+0000,Palmese,2022B-715089,decam,object,S230922g,raw,image
1,340.8586333,-27.65362,g DECam SDSS c0001 4720.0 1520.0,22.9,60,1242027,2023-09-24T03:39:54.443433+0000,Palmese,2022B-715089,decam,object,S230922g 86,raw,image
1.05,334.4043167,-29.86129,g DECam SDSS c0001 4720.0 1520.0,22.9,60,1242048,2023-09-24T04:14:19.835094+0000,Palmese,2022B-715089,decam,object,S230922g 86,raw,image
1.08,342.1852667,-14.898,g DECam SDSS c0001 4720.0 1520.0,22.9,60,1242059,2023-09-24T04:31:37.045309+0000,Palmese,2022B-715089,decam,object,S230922g 86,raw,image
1.07,344.005275,-14.772,g DECam SDSS c0001 4720.0 1520.0,22.9,60,1242058,2023-09-24T04:30:08.569197+0000,Palmese,2022B-715089,decam,object,S230922g 86,raw,image
1.09,336.3718208,-23.40002,i DECam SDSS c0003 7835.0 1470.0,22.9,80,1242066,2023-09-24T04:42:13.118336+0000,Palmese,2022B-715089,decam,object,S230922g,raw,image
1.21,338.0590042,-22.898,g DECam SDSS c0001 4720.0 1520.0,22.9,60,1241649,2023-09-23T00:39:10.984206+0000,Palmese,2022B-715089,decam,object,S230922g 3013919,raw,image
1.13,336.1450042,-26.19,g DECam SDSS c0001 4720.0 1520.0,22.9,60,1241659,2023-09-23T00:56:32.738013+0000,Palmese,2022B-715089,decam,object,S230922g 3013919,raw,image
1.05,338.9929958,-30.731,g DECam SDSS c0001 4720.0 1520.0,22.9,60,1241694,2023-09-23T01:53:54.641258+0000,Palmese,2022B-715089,decam,object,S230922g 3013919,raw,image
1.03,337.1149958,-30.894,g DECam SDSS c0001 4720.0 1520.0,22.9,60,1241698,2023-09-23T02:00:23.251035+0000,Palmese,2022B-715089,decam,object,S230922g 3013919,raw,image
1.07,343.6480042,-19.326,g DECam SDSS c0001 4720.0 1520.0,22.9,60,1241705,2023-09-23T02:11:29.204941+0000,Palmese,2022B-715089,decam,object,S230922g 3013919,raw,image
1.01,331.8500083,-21.763,g DECam SDSS c0001 4720.0 1520.0,22.9,60,1241713,2023-09-23T02:25:03.771699+0000,Palmese,2022B-715089,decam,object,S230922g 3013919,raw,image
1.04,334.8600167,-16.951,g DECam SDSS c0001 4720.0 1520.0,22.9,60,1241708,2023-09-23T02:16:30.734495+0000,Palmese,2022B-715089,decam,object,S230922g 3013919,raw,image
1.01,340.8579917,-30.541,g DECam SDSS c0001 4720.0 1520.0,22.9,60,1241722,2023-09-23T02:40:18.381306+0000,Palmese,2022B-715089,decam,object,S230922g 3013919,raw,image
1.06,332.522475,-29.97829,g DECam SDSS c0001 4720.0 1520.0,22.9,60,1242047,2023-09-24T04:12:49.739328+0000,Palmese,2022B-715089,decam,object,S230922g 86,raw,image
1.02,344.54055,-27.18004,g DECam SDSS c0001 4720.0 1520.0,22.9,60,1242054,2023-09-24T04:23:59.072423+0000,Palmese,2022B-715089,decam,object,S230922g 86,raw,image
1.04,336.3182417,-30.894,g DECam SDSS c0001 4720.0 1520.0,22.9,60,1242046,2023-09-24T04:11:17.851872+0000,Palmese,2022B-715089,decam,object,S230922g 86,raw,image
1.05,332.7470708,-23.6592,g DECam SDSS c0001 4720.0 1520.0,22.9,60,1242040,2023-09-24T04:01:36.920654+0000,Palmese,2022B-715089,decam,object,S230922g 86,raw,image
1.04,333.7467917,-22.03947,g DECam SDSS c0001 4720.0 1520.0,22.9,60,1242030,2023-09-24T03:44:43.728356+0000,Palmese,2022B-715089,decam,object,S230922g 86,raw,image
1.06,332.9565458,-20.53907,g DECam SDSS c0001 4720.0 1520.0,22.9,60,1242038,2023-09-24T03:58:21.679407+0000,Palmese,2022B-715089,decam,object,S230922g 86,raw,image
1.04,331.7466,-25.28178,i DECam SDSS c0003 7835.0 1470.0,22.9,80,1241960,2023-09-24T01:35:10.894628+0000,Palmese,2022B-715089,decam,object,S230922g,raw,image
1.02,341.0114417,-30.84212,i DECam SDSS c0003 7835.0 1470.0,22.9,80,1241984,2023-09-24T02:24:09.085920+0000,Palmese,2022B-715089,decam,object,S230922g,raw,image
1.03,344.54055,-27.18004,i DECam SDSS c0003 7835.0 1470.0,22.9,80,1241986,2023-09-24T02:27:58.288740+0000,Palmese,2022B-715089,decam,object,S230922g,raw,image
1.08,341.3632667,-13.46,i DECam SDSS c0003 7835.0 1470.0,22.9,80,1241979,2023-09-24T02:13:46.887950+0000,Palmese,2022B-715089,decam,object,S230922g,raw,image
1.02,331.9471042,-22.14764,i DECam SDSS c0003 7835.0 1470.0,22.9,80,1241976,2023-09-24T02:07:34.167251+0000,Palmese,2022B-715089,decam,object,S230922g,raw,image
1.06,337.7942708,-13.672,i DECam SDSS c0003 7835.0 1470.0,22.9,80,1241981,2023-09-24T02:17:38.013903+0000,Palmese,2022B-715089,decam,object,S230922g,raw,image
1.15,342.7150042,-24.31613,i DECam SDSS c0003 7835.0 1470.0,22.9,80,1241950,2023-09-24T01:15:21.656207+0000,Palmese,2022B-715089,decam,object,S230922g,raw,image
1.17,250.1435833,-20.40861,r DECam SDSS c0002 6415.0 1480.0,22.9,5,1241903,2023-09-23T23:27:36.585997+0000,Palmese,2022B-715089,decam,object,pointing,raw,image
1.44,337.3555042,-21.77169,i DECam SDSS c0003 7835.0 1470.0,22.9,80,1241908,2023-09-23T23:40:31.206447+0000,Palmese,2022B-715089,decam,object,S230922g,raw,image
1.01,334.434225,-26.68437,g DECam SDSS c0001 4720.0 1520.0,22.9,60,1242015,2023-09-24T03:19:38.101302+0000,Palmese,2022B-715089,decam,object,S230922g 86,raw,image
1.01,340.0108958,-23.06989,g DECam SDSS c0001 4720.0 1520.0,22.9,60,1241999,2023-09-24T02:53:54.734873+0000,Palmese,2022B-715089,decam,object,S230922g 86,raw,image
1.03,332.6420083,-23.28,g DECam SDSS c0001 4720.0 1520.0,22.9,60,1241692,2023-09-23T01:50:42.528295+0000,Palmese,2022B-715089,decam,object,S230922g 3013919,raw,image
1.17,342.6590083,-20.93,g DECam SDSS c0001 4720.0 1520.0,22.9,60,1241671,2023-09-23T01:16:13.619514+0000,Palmese,2022B-715089,decam,object,S230922g 3013919,raw,image
1.1,342.549,-24.004,g DECam SDSS c0001 4720.0 1520.0,22.9,60,1241686,2023-09-23T01:40:48.366696+0000,Palmese,2022B-715089,decam,object,S230922g 3013919,raw,image
1.18,340.0150042,-19.65,g DECam SDSS c0001 4720.0 1520.0,22.9,60,1241664,2023-09-23T01:04:13.357028+0000,Palmese,2022B-715089,decam,object,S230922g 3013919,raw,image
1.25,341.9943583,-19.84703,i DECam SDSS c0003 7835.0 1470.0,22.9,80,1241935,2023-09-24T00:45:05.799035+0000,Palmese,2022B-715089,decam,object,S230922g,raw,image
1.36,337.5408292,-18.69634,i DECam SDSS c0003 7835.0 1470.0,22.9,80,1241920,2023-09-24T00:03:03.073155+0000,Palmese,2022B-715089,decam,object,S230922g,raw,image
1.11,337.7384542,-15.64704,g DECam SDSS c0001 4720.0 1520.0,22.9,60,1242063,2023-09-24T04:37:34.665724+0000,Palmese,2022B-715089,decam,object,S230922g 86,raw,image
1.03,345.5588083,-22.48152,g DECam SDSS c0001 4720.0 1520.0,22.9,60,1242056,2023-09-24T04:26:57.769467+0000,Palmese,2022B-715089,decam,object,S230922g 86,raw,image
1.13,344.6926208,-21.0844,g DECam SDSS c0001 4720.0 1520.0,22.9,60,1242088,2023-09-24T05:30:02.660486+0000,Palmese,2022B-715089,decam,object,S230922g 86,raw,image
1.25,341.1645917,-18.41852,i DECam SDSS c0003 7835.0 1470.0,22.9,80,1241934,2023-09-24T00:43:17.665878+0000,Palmese,2022B-715089,decam,object,S230922g,raw,image
1.06,332.7470708,-23.6592,i DECam SDSS c0003 7835.0 1470.0,22.9,80,1241954,2023-09-24T01:23:15.994459+0000,Palmese,2022B-715089,decam,object,S230922g,raw,image
1.12,339.9874333,-29.34986,i DECam SDSS c0003 7835.0 1470.0,22.9,80,1241948,2023-09-24T01:10:55.371741+0000,Palmese,2022B-715089,decam,object,S230922g,raw,image
1.09,333.9622958,-18.93534,g DECam SDSS c0001 4720.0 1520.0,22.9,60,1242053,2023-09-24T04:22:03.551615+0000,Palmese,2022B-715089,decam,object,S230922g 86,raw,image
1.05,336.7445708,-17.22838,g DECam SDSS c0001 4720.0 1520.0,22.9,60,1242035,2023-09-24T03:53:18.798160+0000,Palmese,2022B-715089,decam,object,S230922g 86,raw,image
1.02,346.4415,-23.87256,g DECam SDSS c0001 4720.0 1520.0,22.9,60,1242055,2023-09-24T04:25:29.508292+0000,Palmese,2022B-715089,decam,object,S230922g 86,raw,image
1.16,336.4243792,-32.92231,g DECam SDSS c0001 4720.0 1520.0,22.9,60,1242084,2023-09-24T05:23:51.401002+0000,Palmese,2022B-715089,decam,object,S230922g 86,raw,image
1.12,339.4662167,-34.27018,g DECam SDSS c0001 4720.0 1520.0,22.9,60,1242081,2023-09-24T05:19:20.833601+0000,Palmese,2022B-715089,decam,object,S230922g 86,raw,image
1.09,341.3632667,-13.46,g DECam SDSS c0001 4720.0 1520.0,22.9,60,1242060,2023-09-24T04:33:06.307038+0000,Palmese,2022B-715089,decam,object,S230922g 86,raw,image
1.07,341.3632667,-13.46,g DECam SDSS c0001 4720.0 1520.0,22.9,60,1241717,2023-09-23T02:31:32.511758+0000,Palmese,2022B-715089,decam,object,S230922g 3013919,raw,image
1.08,342.1852667,-14.898,g DECam SDSS c0001 4720.0 1520.0,22.9,60,1241707,2023-09-23T02:14:45.483317+0000,Palmese,2022B-715089,decam,object,S230922g 3013919,raw,image
1.1,343.8398542,-19.68019,i DECam SDSS c0003 7835.0 1470.0,22.9,80,1241967,2023-09-24T01:49:03.197599+0000,Palmese,2022B-715089,decam,object,S230922g,raw,image
1.01,331.6121833,-28.43921,i DECam SDSS c0003 7835.0 1470.0,22.9,80,1241972,2023-09-24T01:59:07.457791+0000,Palmese,2022B-715089,decam,object,S230922g,raw,image
1.01,335.3314792,-28.19901,g DECam SDSS c0001 4720.0 1520.0,22.9,60,1242017,2023-09-24T03:23:05.352131+0000,Palmese,2022B-715089,decam,object,S230922g 86,raw,image
1.01,342.8355458,-21.26945,g DECam SDSS c0001 4720.0 1520.0,22.9,60,1242018,2023-09-24T03:25:13.407242+0000,Palmese,2022B-715089,decam,object,S230922g 86,raw,image
1.08,334.6420042,-20.051,g DECam SDSS c0001 4720.0 1520.0,22.9,60,1241679,2023-09-23T01:28:55.109206+0000,Palmese,2022B-715089,decam,object,S230922g 3013919,raw,image
1.12,342.8160167,-17.9,g DECam SDSS c0001 4720.0 1520.0,22.9,60,1241688,2023-09-23T01:44:11.383151+0000,Palmese,2022B-715089,decam,object,S230922g 3013919,raw,image
1.11,338.4040208,-16.725,g DECam SDSS c0001 4720.0 1520.0,22.9,60,1241684,2023-09-23T01:37:12.531920+0000,Palmese,2022B-715089,decam,object,S230922g 3013919,raw,image
1.11,337.0459958,-27.701,g DECam SDSS c0001 4720.0 1520.0,22.9,60,1241666,2023-09-23T01:07:37.541747+0000,Palmese,2022B-715089,decam,object,S230922g 3013919,raw,image
1.03,332.472,-26.425,g DECam SDSS c0001 4720.0 1520.0,22.9,60,1241691,2023-09-23T01:49:12.045879+0000,Palmese,2022B-715089,decam,object,S230922g 3013919,raw,image
1.17,337.971,-26.037,g DECam SDSS c0001 4720.0 1520.0,22.9,60,1241655,2023-09-23T00:49:06.423380+0000,Palmese,2022B-715089,decam,object,S230922g 3013919,raw,image
1.46,340.0108958,-23.06989,i DECam SDSS c0003 7835.0 1470.0,22.9,80,1241911,2023-09-23T23:46:01.747665+0000,Palmese,2022B-715089,decam,object,S230922g,raw,image
1.36,341.8445083,-22.8836,i DECam SDSS c0003 7835.0 1470.0,22.9,80,1241925,2023-09-24T00:12:30.586850+0000,Palmese,2022B-715089,decam,object,S230922g,raw,image
1.08,344.0050208,-16.71162,i DECam SDSS c0003 7835.0 1470.0,22.9,80,1241980,2023-09-24T02:15:36.865063+0000,Palmese,2022B-715089,decam,object,S230922g,raw,image
1.08,339.571275,-13.568,i DECam SDSS c0003 7835.0 1470.0,22.9,80,1241977,2023-09-24T02:09:48.493774+0000,Palmese,2022B-715089,decam,object,S230922g,raw,image
1.01,340.874775,-24.52166,g DECam SDSS c0001 4720.0 1520.0,22.9,60,1242002,2023-09-24T02:58:27.753908+0000,Palmese,2022B-715089,decam,object,S230922g 86,raw,image
1.01,342.8642708,-30.60458,i DECam SDSS c0003 7835.0 1470.0,22.9,80,1241994,2023-09-24T02:44:33.331584+0000,Palmese,2022B-715089,decam,object,S230922g,raw,image
1,336.2688458,-26.53866,g DECam SDSS c0001 4720.0 1520.0,22.9,60,1242006,2023-09-24T03:04:57.760529+0000,Palmese,2022B-715089,decam,object,S230922g 86,raw,image
1.04,346.4415,-23.87256,i DECam SDSS c0003 7835.0 1470.0,22.9,80,1241987,2023-09-24T02:29:49.655004+0000,Palmese,2022B-715089,decam,object,S230922g,raw,image