<?xml version="1.0" encoding="UTF-8" standalone="yes"?>
<Proposal xmlns="http://www.salt.ac.za/PIPT/Proposal/Phase2" xmlns:ns2="http://www.salt.ac.za/PIPT/Shared" xmlns:ns3="http://www.salt.ac.za/PIPT/Proposal/Shared" xmlns:ns4="http://www.salt.ac.za/DataTransfer" xmlns:ns5="http://www.salt.ac.za/PIPT/NIR/Phase1" xmlns:ns6="http://www.salt.ac.za/PIPT/NIR/Phase2" xmlns:ns7="http://www.salt.ac.za/PIPT/Salticam/Phase1" xmlns:ns8="http://www.salt.ac.za/PIPT/Salticam/Phase2" xmlns:ns9="http://www.salt.ac.za/PIPT/RSS/Phase1" xmlns:ns10="http://www.salt.ac.za/PIPT/RSS/Phase2" xmlns:ns11="http://www.salt.ac.za/PIPT/RSS/Shared" xmlns:ns12="http://www.salt.ac.za/PIPT/HRS/Phase1" xmlns:ns13="http://www.salt.ac.za/PIPT/HRS/Phase2" code="Unsubmitted-001">
    <ProposalType>Gravitational Wave Event</ProposalType>
    <ProposalSemester>
        <Year>2024</Year>
        <Semester>1</Semester>
        <Title>GW proposal Test</Title>
        <ReadMe>--------------------------------------------------------
Short summary of program (from observers point of view):
--------------------------------------------------------

[Replace this with your short summary.]

--------------------------------------------
Specific notes and instructions to observer:
--------------------------------------------

[Replace this with your notes and instructions.]

------------------
Critical aspects: 
------------------

[Replace this with a description of critical aspects.]</ReadMe>
        <Outreach>
            <ns3:AllowDisplaying>true</ns3:AllowDisplaying>
        </Outreach>
    </ProposalSemester>
    <Year>2024</Year>
    <Semester>1</Semester>
    <Phase>2</Phase>
    <TargetOfOpportunity>
        <Reason>This is a gravitational wave event proposal.</Reason>
    </TargetOfOpportunity>
    <Investigators/>
    <Targets>
        <ns3:Target id="Target-1">
            <ns3:Name>GW-Merger</ns3:Name>
            <ns3:TargetCode>58d46e7a-7d8d-4458-80d5-0e1c900a9253</ns3:TargetCode>
            <ns3:Coordinates>
                <ns2:Equinox>2000.0</ns2:Equinox>
            </ns3:Coordinates>
            <ns3:Mandatory>true</ns3:Mandatory>
        </ns3:Target>
        <ns3:NumberOfOptionalTargets>0</ns3:NumberOfOptionalTargets>
    </Targets>
    <InstrumentConfigurations>
        <ns8:Salticam id="Salticam-1">
            <ns8:Name>Salticam Configuration</ns8:Name>
            <ns8:Cycles>1</ns8:Cycles>
            <ns8:SalticamProcedure>
                <ns8:SalticamFilterArray>
                    <ns8:Filter>Johnson V</ns8:Filter>
                    <ns8:ExposureTime>
                        <ns2:Value>5.0</ns2:Value>
                        <ns2:Units>seconds</ns2:Units>
                    </ns8:ExposureTime>
                </ns8:SalticamFilterArray>
            </ns8:SalticamProcedure>
            <ns8:SalticamDetector>
                <ns8:DetMode>Normal</ns8:DetMode>
                <ns8:PreBinRows>2</ns8:PreBinRows>
                <ns8:PreBinCols>2</ns8:PreBinCols>
                <ns8:ExposureType>Science</ns8:ExposureType>
                <ns8:Gain>Bright</ns8:Gain>
                <ns8:ReadoutSpeed>Fast</ns8:ReadoutSpeed>
                <ns8:Iterations>1</ns8:Iterations>
            </ns8:SalticamDetector>
            <ns8:MinimumSN>0</ns8:MinimumSN>
            <ns8:InCalibration>false</ns8:InCalibration>
        </ns8:Salticam>
        <ns10:Rss id="Rss-1">
            <ns10:Name>RSS</ns10:Name>
            <ns10:RssConfig>
                <ns10:SlitMask>
                    <ns10:PredefinedMask>
                        <ns10:Barcode>PL0200N001</ns10:Barcode>
                    </ns10:PredefinedMask>
                </ns10:SlitMask>
                <ns10:Mode>
                    <ns10:Spectroscopy>
                        <ns10:Grating>pg0700</ns10:Grating>
                        <ns10:GratingAngle>
                            <ns11:Value>4.6</ns11:Value>
                            <ns11:Units>degrees</ns11:Units>
                        </ns10:GratingAngle>
                        <ns10:ArtStation>29_22.75</ns10:ArtStation>
                    </ns10:Spectroscopy>
                </ns10:Mode>
                <ns10:FilterId>pc03400</ns10:FilterId>
                <ns10:FocusPosition>
                    <ns10:Value>1000</ns10:Value>
                    <ns10:Units>microns</ns10:Units>
                </ns10:FocusPosition>
            </ns10:RssConfig>
            <ns10:RssDetector>
                <ns10:DetMode>Normal</ns10:DetMode>
                <ns10:Iterations>1</ns10:Iterations>
                <ns10:PreShuffle>0</ns10:PreShuffle>
                <ns10:PostShuffle>0</ns10:PostShuffle>
                <ns10:PreBinRows>4</ns10:PreBinRows>
                <ns10:PreBinCols>2</ns10:PreBinCols>
                <ns10:Prepare>true</ns10:Prepare>
                <ns10:ExposureType>Science</ns10:ExposureType>
                <ns10:ExposureTime>
                    <ns2:Value>900.0</ns2:Value>
                    <ns2:Units>seconds</ns2:Units>
                </ns10:ExposureTime>
                <ns10:Gain>Faint</ns10:Gain>
                <ns10:ReadoutSpeed>Slow</ns10:ReadoutSpeed>
                <ns10:DetectorCalculation>None</ns10:DetectorCalculation>
            </ns10:RssDetector>
            <ns10:MinimumSN>0</ns10:MinimumSN>
            <ns10:Cycles>1</ns10:Cycles>
            <ns10:RssCalibration>
                <ns10:RssArc>
                    <ns10:UseDefaultArcLamp></ns10:UseDefaultArcLamp>
                    <ns10:ArcExposureTime>
                        <ns2:Value>5.0</ns2:Value>
                        <ns2:Units>seconds</ns2:Units>
                    </ns10:ArcExposureTime>
                    <ns10:Iterations>1</ns10:Iterations>
                    <ns10:ArcRequirement>After science</ns10:ArcRequirement>
                    <ns10:DoneBetweenDitheringSteps>false</ns10:DoneBetweenDitheringSteps>
                </ns10:RssArc>
            </ns10:RssCalibration>
            <ns10:RssNonChargedCalibration>
                <ns10:RssStandard>
                    <ns10:StandardType>Spectrophotometric</ns10:StandardType>
                </ns10:RssStandard>
            </ns10:RssNonChargedCalibration>
            <ns10:InCalibration>false</ns10:InCalibration>
        </ns10:Rss>
        <ns10:Rss id="Rss-4">
            <ns10:Name>RSS LS PG0700-2</ns10:Name>
            <ns10:RssConfig>
                <ns10:SlitMask>
                    <ns10:PredefinedMask>
                        <ns10:Barcode>PL0150N001</ns10:Barcode>
                    </ns10:PredefinedMask>
                </ns10:SlitMask>
                <ns10:Mode>
                    <ns10:Spectroscopy>
                        <ns10:Grating>pg0700</ns10:Grating>
                        <ns10:GratingAngle>
                            <ns11:Value>4.6</ns11:Value>
                            <ns11:Units>degrees</ns11:Units>
                        </ns10:GratingAngle>
                        <ns10:ArtStation>29_22.75</ns10:ArtStation>
                    </ns10:Spectroscopy>
                </ns10:Mode>
                <ns10:FilterId>pc03400</ns10:FilterId>
                <ns10:FocusPosition>
                    <ns10:Value>1000</ns10:Value>
                    <ns10:Units>microns</ns10:Units>
                </ns10:FocusPosition>
            </ns10:RssConfig>
            <ns10:RssDetector>
                <ns10:DetMode>Normal</ns10:DetMode>
                <ns10:Iterations>1</ns10:Iterations>
                <ns10:PreShuffle>0</ns10:PreShuffle>
                <ns10:PostShuffle>0</ns10:PostShuffle>
                <ns10:PreBinRows>4</ns10:PreBinRows>
                <ns10:PreBinCols>2</ns10:PreBinCols>
                <ns10:Prepare>true</ns10:Prepare>
                <ns10:ExposureType>Science</ns10:ExposureType>
                <ns10:ExposureTime>
                    <ns2:Value>900.0</ns2:Value>
                    <ns2:Units>seconds</ns2:Units>
                </ns10:ExposureTime>
                <ns10:Gain>Faint</ns10:Gain>
                <ns10:ReadoutSpeed>Slow</ns10:ReadoutSpeed>
                <ns10:DetectorCalculation>None</ns10:DetectorCalculation>
            </ns10:RssDetector>
            <ns10:MinimumSN>0</ns10:MinimumSN>
            <ns10:Cycles>1</ns10:Cycles>
            <ns10:RssCalibration>
                <ns10:RssArc>
                    <ns10:UseDefaultArcLamp></ns10:UseDefaultArcLamp>
                    <ns10:ArcExposureTime>
                        <ns2:Value>5.0</ns2:Value>
                        <ns2:Units>seconds</ns2:Units>
                    </ns10:ArcExposureTime>
                    <ns10:Iterations>1</ns10:Iterations>
                    <ns10:ArcRequirement>After science</ns10:ArcRequirement>
                    <ns10:DoneBetweenDitheringSteps>false</ns10:DoneBetweenDitheringSteps>
                </ns10:RssArc>
            </ns10:RssCalibration>
            <ns10:RssNonChargedCalibration>
                <ns10:RssStandard>
                    <ns10:StandardType>Spectrophotometric</ns10:StandardType>
                </ns10:RssStandard>
            </ns10:RssNonChargedCalibration>
            <ns10:InCalibration>false</ns10:InCalibration>
        </ns10:Rss>
        <ns10:Rss id="Rss-5">
            <ns10:Name>RSS LS PG0700-1</ns10:Name>
            <ns10:RssConfig>
                <ns10:SlitMask>
                    <ns10:PredefinedMask>
                        <ns10:Barcode>PL0150N001</ns10:Barcode>
                    </ns10:PredefinedMask>
                </ns10:SlitMask>
                <ns10:Mode>
                    <ns10:Spectroscopy>
                        <ns10:Grating>pg0700</ns10:Grating>
                        <ns10:GratingAngle>
                            <ns11:Value>3.0</ns11:Value>
                            <ns11:Units>degrees</ns11:Units>
                        </ns10:GratingAngle>
                        <ns10:ArtStation>25_19.75</ns10:ArtStation>
                    </ns10:Spectroscopy>
                </ns10:Mode>
                <ns10:FilterId>pc00000</ns10:FilterId>
                <ns10:FocusPosition>
                    <ns10:Value>1000</ns10:Value>
                    <ns10:Units>microns</ns10:Units>
                </ns10:FocusPosition>
            </ns10:RssConfig>
            <ns10:RssDetector>
                <ns10:DetMode>Normal</ns10:DetMode>
                <ns10:Iterations>1</ns10:Iterations>
                <ns10:PreShuffle>0</ns10:PreShuffle>
                <ns10:PostShuffle>0</ns10:PostShuffle>
                <ns10:PreBinRows>4</ns10:PreBinRows>
                <ns10:PreBinCols>2</ns10:PreBinCols>
                <ns10:Prepare>true</ns10:Prepare>
                <ns10:ExposureType>Science</ns10:ExposureType>
                <ns10:ExposureTime>
                    <ns2:Value>900.0</ns2:Value>
                    <ns2:Units>seconds</ns2:Units>
                </ns10:ExposureTime>
                <ns10:Gain>Faint</ns10:Gain>
                <ns10:ReadoutSpeed>Slow</ns10:ReadoutSpeed>
                <ns10:DetectorCalculation>None</ns10:DetectorCalculation>
            </ns10:RssDetector>
            <ns10:MinimumSN>0</ns10:MinimumSN>
            <ns10:Cycles>1</ns10:Cycles>
            <ns10:RssCalibration>
                <ns10:RssArc>
                    <ns10:UseDefaultArcLamp></ns10:UseDefaultArcLamp>
                    <ns10:ArcExposureTime>
                        <ns2:Value>5.0</ns2:Value>
                        <ns2:Units>seconds</ns2:Units>
                    </ns10:ArcExposureTime>
                    <ns10:Iterations>1</ns10:Iterations>
                    <ns10:ArcRequirement>Before science</ns10:ArcRequirement>
                    <ns10:DoneBetweenDitheringSteps>false</ns10:DoneBetweenDitheringSteps>
                </ns10:RssArc>
            </ns10:RssCalibration>
            <ns10:RssNonChargedCalibration>
                <ns10:RssStandard>
                    <ns10:StandardType>Spectrophotometric</ns10:StandardType>
                </ns10:RssStandard>
            </ns10:RssNonChargedCalibration>
            <ns10:InCalibration>false</ns10:InCalibration>
        </ns10:Rss>
        <ns8:Salticam id="Salticam-3">
            <ns8:Name>Salticam Configuration</ns8:Name>
            <ns8:Cycles>1</ns8:Cycles>
            <ns8:SalticamProcedure>
                <ns8:SalticamFilterArray>
                    <ns8:Filter>Johnson V</ns8:Filter>
                    <ns8:ExposureTime>
                        <ns2:Value>5.0</ns2:Value>
                        <ns2:Units>seconds</ns2:Units>
                    </ns8:ExposureTime>
                </ns8:SalticamFilterArray>
            </ns8:SalticamProcedure>
            <ns8:SalticamDetector>
                <ns8:DetMode>Normal</ns8:DetMode>
                <ns8:PreBinRows>2</ns8:PreBinRows>
                <ns8:PreBinCols>2</ns8:PreBinCols>
                <ns8:ExposureType>Science</ns8:ExposureType>
                <ns8:Gain>Bright</ns8:Gain>
                <ns8:ReadoutSpeed>Fast</ns8:ReadoutSpeed>
                <ns8:Iterations>1</ns8:Iterations>
            </ns8:SalticamDetector>
            <ns8:MinimumSN>0</ns8:MinimumSN>
            <ns8:InCalibration>false</ns8:InCalibration>
        </ns8:Salticam>
    </InstrumentConfigurations>
    <Pools/>
    <Blocks>
        <Block id="Block-1" notForObserving="false">
            <Name>GW-Merger - single spectrum</Name>
            <BlockCode>72856804-943c-4539-b75a-042144ec06ad</BlockCode>
            <BlockSemester>
                <Year>2024</Year>
                <Semester>1</Semester>
                <Visits>1</Visits>
                <Comments>This is a DDT Observation of a GW Event. </Comments>
                <Priority>0</Priority>
                <Ranking>High</Ranking>
            </BlockSemester>
            <BlockType>Science</BlockType>
            <Charged>true</Charged>
            <Transparency>Any</Transparency>
            <MaximumLunarPhase>
                <ns3:Value>100.0</ns3:Value>
                <ns3:Units>%</ns3:Units>
            </MaximumLunarPhase>
            <MinimumLunarAngularDistance>
                <Value>30.0</Value>
                <Units>degrees</Units>
            </MinimumLunarAngularDistance>
            <SeeingConstraint>
                <Maximum>
                    <ns3:Value>3.0</ns3:Value>
                    <ns3:Units>arcseconds</ns3:Units>
                </Maximum>
                <Minimum>
                    <ns3:Value>0.1</ns3:Value>
                    <ns3:Units>arcseconds</ns3:Units>
                </Minimum>
            </SeeingConstraint>
            <SubBlock ref="SubBlock-1"/>
        </Block>
        <Block id="Block-3">
            <Name>GW-Merger - dithered spectra pg0700</Name>
            <BlockCode>7c29184d-e970-4375-ac37-3053cdbfc4f1</BlockCode>
            <BlockSemester>
                <Year>2024</Year>
                <Semester>1</Semester>
                <Visits>1</Visits>
                <Comments>Dummy target of possible secondary setup to dither chip gaps</Comments>
                <Priority>2</Priority>
                <Ranking>High</Ranking>
            </BlockSemester>
            <BlockType>Science</BlockType>
            <Charged>true</Charged>
            <Transparency>Thin cloud</Transparency>
            <MaximumLunarPhase>
                <ns3:Value>100.0</ns3:Value>
                <ns3:Units>%</ns3:Units>
            </MaximumLunarPhase>
            <MinimumLunarAngularDistance>
                <Value>30.0</Value>
                <Units>degrees</Units>
            </MinimumLunarAngularDistance>
            <SeeingConstraint>
                <Maximum>
                    <ns3:Value>2.5</ns3:Value>
                    <ns3:Units>arcseconds</ns3:Units>
                </Maximum>
                <Minimum>
                    <ns3:Value>0.1</ns3:Value>
                    <ns3:Units>arcseconds</ns3:Units>
                </Minimum>
            </SeeingConstraint>
            <SubBlock ref="SubBlock-3"/>
        </Block>
    </Blocks>
    <SubBlocks>
        <SubBlock id="SubBlock-1">
            <Name>[SubBlock]</Name>
            <Iterations>1</Iterations>
            <SubSubBlock ref="SubSubBlock-1"/>
        </SubBlock>
        <SubBlock id="SubBlock-3">
            <Name>[SubBlock]</Name>
            <Iterations>1</Iterations>
            <SubSubBlock ref="SubSubBlock-3"/>
        </SubBlock>
    </SubBlocks>
    <SubSubBlocks>
        <SubSubBlock id="SubSubBlock-1">
            <Name>[SubSubBlock]</Name>
            <Iterations>1</Iterations>
            <Pointing ref="Pointing-1"/>
        </SubSubBlock>
        <SubSubBlock id="SubSubBlock-3">
            <Name>[SubSubBlock]</Name>
            <Iterations>1</Iterations>
            <Pointing ref="Pointing-3"/>
        </SubSubBlock>
    </SubSubBlocks>
    <Pointings>
        <Pointing id="Pointing-1">
            <Name>[Pointing]</Name>
            <Observation ref="Observation-1"/>
        </Pointing>
        <Pointing id="Pointing-3">
            <Name>[Pointing]</Name>
            <Observation ref="Observation-3"/>
        </Pointing>
    </Pointings>
    <Observations>
        <Observation id="Observation-1">
            <Name>GW-Merger</Name>
            <Acquisition ref="Acquisition-1"/>
            <TelescopeConfig ref="TelescopeConfig-2"/>
            <PipelineConfig>
                <Notification>Fast</Notification>
                <ReductionDocumentationFormat>HTML</ReductionDocumentationFormat>
            </PipelineConfig>
        </Observation>
        <Observation id="Observation-3">
            <Name>GW-Merger</Name>
            <Acquisition ref="Acquisition-3"/>
            <TelescopeConfig ref="TelescopeConfig-6"/>
            <PipelineConfig>
                <Notification>Fast</Notification>
                <ReductionDocumentationFormat>HTML</ReductionDocumentationFormat>
            </PipelineConfig>
        </Observation>
    </Observations>
    <Acquisitions>
        <Acquisition id="Acquisition-1">
            <Name>Acquisition</Name>
            <Target ref="Target-1"/>
            <TelescopeConfig ref="TelescopeConfig-1"/>
        </Acquisition>
        <Acquisition id="Acquisition-3">
            <Name>Target2</Name>
            <Target ref="Target-1"/>
            <TelescopeConfig ref="TelescopeConfig-5"/>
        </Acquisition>
    </Acquisitions>
    <TelescopeConfigurations>
        <TelescopeConfig id="TelescopeConfig-1">
            <Name>Telescope Configuration</Name>
            <Iterations>1</Iterations>
            <PayloadConfig ref="PayloadConfig-1"/>
        </TelescopeConfig>
        <TelescopeConfig id="TelescopeConfig-2">
            <Name>[Telescope Configuration]</Name>
            <Iterations>1</Iterations>
            <PayloadConfig ref="PayloadConfig-2"/>
        </TelescopeConfig>
        <TelescopeConfig id="TelescopeConfig-5">
            <Name>Telescope Configuration</Name>
            <Iterations>1</Iterations>
            <PayloadConfig ref="PayloadConfig-5"/>
        </TelescopeConfig>
        <TelescopeConfig id="TelescopeConfig-6">
            <Name>[Telescope Configuration]</Name>
            <Iterations>1</Iterations>
            <PayloadConfig ref="PayloadConfig-6"/>
        </TelescopeConfig>
    </TelescopeConfigurations>
    <PayloadConfigurations>
        <PayloadConfig id="PayloadConfig-1">
            <Name>Payload Configuration</Name>
            <Type>Acquisition</Type>
            <GuideMethod>None</GuideMethod>
            <PellicleConfig>false</PellicleConfig>
            <WaitOnOtherInstrument>true</WaitOnOtherInstrument>
            <Instrument ref="Salticam-1"/>
        </PayloadConfig>
        <PayloadConfig id="PayloadConfig-2">
            <Name>[Payload Configuration]</Name>
            <Type>Science</Type>
            <GuideMethod>Default</GuideMethod>
            <PellicleConfig>false</PellicleConfig>
            <WaitOnOtherInstrument>true</WaitOnOtherInstrument>
            <Instrument ref="Rss-1"/>
        </PayloadConfig>
        <PayloadConfig id="PayloadConfig-5">
            <Name>Payload Configuration</Name>
            <Type>Acquisition</Type>
            <GuideMethod>None</GuideMethod>
            <PellicleConfig>false</PellicleConfig>
            <WaitOnOtherInstrument>true</WaitOnOtherInstrument>
            <Instrument ref="Salticam-3"/>
        </PayloadConfig>
        <PayloadConfig id="PayloadConfig-6">
            <Name>[Payload Configuration]</Name>
            <Type>Science</Type>
            <GuideMethod>Default</GuideMethod>
            <PellicleConfig>false</PellicleConfig>
            <WaitOnOtherInstrument>true</WaitOnOtherInstrument>
            <Instrument ref="Rss-5"/>
            <Instrument ref="Rss-4"/>
        </PayloadConfig>
    </PayloadConfigurations>
    <Detail>
        <RequiredElements>
            <ShowObservation>false</ShowObservation>
            <ShowTelescopeConfig>false</ShowTelescopeConfig>
            <ShowPayloadConfig>false</ShowPayloadConfig>
            <ShowSubBlock>false</ShowSubBlock>
            <ShowSubSubBlock>false</ShowSubSubBlock>
        </RequiredElements>
        <RequestedElements>
            <ShowObservation>false</ShowObservation>
            <ShowTelescopeConfig>false</ShowTelescopeConfig>
            <ShowPayloadConfig>false</ShowPayloadConfig>
            <ShowSubBlock>false</ShowSubBlock>
            <ShowSubSubBlock>false</ShowSubSubBlock>
        </RequestedElements>
    </Detail>
</Proposal>
